url,Negative Reviews
https://hellosubscription.com/2015/01/new-blogger-curated-babybumpbundle/,0.0
https://hellosubscription.com/2015/01/vegan-cuts-winter-fashion-box-save-15-this-weekend-only/,0.0
https://hellosubscription.com/2015/01/february-2015-boxycharm-spoiler/,0.0
https://hellosubscription.com/2015/01/orange-glad-valentines-coupon-save-40/,0.0
https://hellosubscription.com/2015/01/love-giveaway-south-hill-designs-love-necklaces/,0.0
https://hellosubscription.com/2015/01/love-giveaway-erin-condren-love-t-shirts/,0.0
https://hellosubscription.com/2015/01/plated-review-free-plates-coupon-platedpics-12115-delivery/,0.0
https://hellosubscription.com/2015/01/treatsie-bourbon-boots-collab-sweets-style-subscription/,0.0
https://hellosubscription.com/2015/01/ruelala-subscription-box-deal-beanbox-coffee-subscription/,0.0
https://hellosubscription.com/2015/01/julep-secret-store-open-coupons/,0.0
https://hellosubscription.com/2015/01/golden-tote-valentines-tote-open-now/,0.0
https://hellosubscription.com/2015/01/february-2015-golden-tote-spoilers-2/,0.0
https://hellosubscription.com/2015/01/birchbox-aces-only-sale-40-off-aces-items/,0.0
https://hellosubscription.com/2015/01/julep-plush-pout-intro-box-half-off-or-free/,0.0
https://hellosubscription.com/2015/01/gwynnie-bee-mommysplurge-subscribe-win-giveaway-first-month-10/,0.0
https://hellosubscription.com/2015/01/february-2015-loot-crate-spoilers/,0.0
https://hellosubscription.com/2015/01/ruelala-subscription-box-deal-rocksbox-jewelry-subscription/,0.0
https://hellosubscription.com/2015/01/citrus-lane-coupon-30-off-free-mystery-box/,0.0
https://hellosubscription.com/2015/01/thursday-thoughts-75/,0.0
https://hellosubscription.com/2015/01/epantry-special-offer-free-coupon/,0.0
https://hellosubscription.com/2015/01/january-2015-bestowed-subscription-box-review-coupon/,0.0
https://hellosubscription.com/2015/01/quarterly-box-warehouse-sale/,0.0
https://hellosubscription.com/2015/01/doodle-crate-review-coupon-friendship-bracelets-december-2014/,0.0
https://hellosubscription.com/2015/01/bespoke-post-30-coupon-expires-131/,0.0
https://hellosubscription.com/2015/01/january-2015-golden-tote-mystery-tote-review-goldentote-mysterytote2015/,0.0
https://hellosubscription.com/2015/01/13-cheryls-cookies-deal-back-again-for-valentines/,0.0
https://hellosubscription.com/2015/01/unbound-boxes-for-valentines-day-now-available-adult-coupon/,0.0
https://hellosubscription.com/2015/01/candy-club-coupon-save-15-great-valentines-box/,0.0
https://hellosubscription.com/2015/01/new-birchbox-man-subscription-coupon-5-off-plus-10-off-for-women/,0.0
https://hellosubscription.com/2015/01/ipsy-february-2015-spoilers/,1.0
https://hellosubscription.com/2015/01/plated-review-free-plates-coupon-platedpics-11415-delivery/,0.0
https://hellosubscription.com/2015/01/february-2015-sudsy-box-subscription-review/,0.0
https://hellosubscription.com/2015/01/january-2015-little-lace-box-subscription-box-review-10-coupon-site-back-up/,0.0
https://hellosubscription.com/2015/01/master-lock-safety-through-every-life-season-twitter-donation-opportunity-masterlockprotects/,0.0
https://hellosubscription.com/2015/01/january-2015-little-lace-box-full-spoilers-february-theme-reminder-subscriptions-on-sale-at-4pm-10-coupon/,0.0
https://hellosubscription.com/2015/01/svbscription-personal-shopper-box-deal-one-box-100-credit-for-50-also-adore-me-lingerie-on-sale/,0.0
https://hellosubscription.com/2015/01/ruelala-subscription-box-deal-mantry-save-almost-50/,0.0
https://hellosubscription.com/2015/01/little-lace-box-subscriptions-on-sale-at-4pm-10-coupon/,0.0
https://hellosubscription.com/2015/01/epantry-special-offer-10-free-credit-free-method-powerfoam-free-shipping/,0.0
https://hellosubscription.com/2015/01/january-2015-petbox-subscription-review-coupon/,0.0
https://hellosubscription.com/2015/01/january-2015-splendies-review-coupon/,0.0
https://hellosubscription.com/2015/01/graze-box-review-get-first-2-boxes-half-off/,1.0
https://hellosubscription.com/2015/01/fantasy-box-valentines-day-boxes-coupon-adult-box/,0.0
https://hellosubscription.com/2015/01/january-2015-universal-yums-international-snack-subscription-box-review/,0.0
https://hellosubscription.com/2015/01/january-2015-kloverbox-review-coupon-green-eco-friendly-subscription-box/,0.0
https://hellosubscription.com/2015/01/foil-all-the-things-at-minted-20-off/,0.0
https://hellosubscription.com/2015/01/january-2015-loot-crate-review-promo-code-lootcrate/,0.0
https://hellosubscription.com/2015/01/january-2015-green-kid-crafts-subscription-box-review/,0.0
https://hellosubscription.com/2015/01/january-2015-petgiftbox-review-half-off-coupon-subscription-box-for-dogs-or-cats/,0.0
https://hellosubscription.com/2015/01/sports-crate-review/,0.0
https://hellosubscription.com/2015/01/my-pretend-place-subscription-box-review-coupon-craft-box/,0.0
https://hellosubscription.com/2015/01/amazon-prime-72-saturday-only/,0.0
https://hellosubscription.com/2015/01/new-birchbox-coupon-valentines-gift-subscription-my-haul-birchboxbrag/,0.0
https://hellosubscription.com/2015/01/space-scouts-and-animal-trackers-20-off-coupon/,0.0
https://hellosubscription.com/2015/01/ruelala-subscription-box-deal-scentbird-perfume-decanting-subscription/,0.0
https://hellosubscription.com/2015/01/january-2015-bluum-subscription-box-review-coupon/,0.0
https://hellosubscription.com/2015/01/best-of-treatsie-box-sale-coupon/,0.0
https://hellosubscription.com/2015/01/january-2015-beauty-joy-subscription-box-review-coupon/,0.0
https://hellosubscription.com/2015/01/popsugar-must-have-box-holiday-for-her-2014-review-musthavebox/,0.0
https://hellosubscription.com/2015/01/rocksbox-review-free-month-coupon/,0.0
https://hellosubscription.com/2015/01/january-2015-phone-case-of-the-month-review-pcotm-now-available-for-iphone-6/,0.0
https://hellosubscription.com/2015/01/kiwi-crate-shop-stock-up-save-sale-half-off-first-box/,0.0
https://hellosubscription.com/2015/01/january-2015-ipsy-review/,0.0
https://hellosubscription.com/2015/01/blue-bottle-coffee-subscription-review-5-coupon-january-2015/,0.0
https://hellosubscription.com/2015/01/true-drool-box-review-subscription-box-for-big-dogs/,0.0
https://hellosubscription.com/2015/01/january-2015-buddhibox-review-coupon-yoga-subscription-box/,0.0
https://hellosubscription.com/2015/01/exclusive-wantable-discount-save-30-on-makeup-intimates-and-accessories-boxes/,0.0
https://hellosubscription.com/2015/01/collectiblegeek-subscriptions-february-2015-theme/,0.0
https://hellosubscription.com/2015/01/february-2015-golden-tote-spoilers/,0.0
https://hellosubscription.com/2015/01/january-2015-tomboxes-review-monthly-period-subscription-first-box-5/,0.0
https://hellosubscription.com/2015/01/crafters-crate-coupon-code-one-month-free-on-a-3-month-subscription/,0.0
https://hellosubscription.com/2015/01/new-citrus-lane-promo-code-40-off-free-book-singalong-cd/,0.0
https://hellosubscription.com/2015/01/january-2015-love-with-food-review-free-box-code/,0.0
https://hellosubscription.com/2015/01/box-changes-popsugar-must-have-quarterly-box/,1.0
https://hellosubscription.com/2015/01/geek-fuel-review-new-geek-gamer-subscription-box-december-2014-geekfuel/,0.0
https://hellosubscription.com/2015/01/julep-maven-february-2015-selection-the-afterglow-collection-free-box-code/,0.0
https://hellosubscription.com/2015/01/justfab-review-january-2015-shoes-accessories/,0.0
https://hellosubscription.com/2015/01/december-2014-kidstir-review-10-coupon-kids-cooking-subscription-box-2/,0.0
https://hellosubscription.com/2015/01/january-2015-barkbox-review-10-coupon/,0.0
https://hellosubscription.com/2015/01/january-2015-poshpak-girls-teen-subscription-box-review/,0.0
https://hellosubscription.com/2015/01/manly-monday-mens-subscription-box-reviews-12/,0.0
https://hellosubscription.com/2015/01/january-2015-moustache-coffee-club-review-free-coffee-trial/,0.0
https://hellosubscription.com/2015/01/birchbox-10-off-50-coupon/,0.0
https://hellosubscription.com/2015/01/january-2015-citrus-lane-review-40-off-coupon-3-5-year-old-boys/,0.0
https://hellosubscription.com/2015/01/kitnipbox-review-cat-subscription-box-january-2015/,0.0
https://hellosubscription.com/2015/01/koala-crate-review-coupon-december-2014-safari-giveaway/,0.0
https://hellosubscription.com/2015/01/january-2015-citrus-lane-review-40-off-coupon-4-month-boys/,0.0
https://hellosubscription.com/2015/01/turbotax-15-off-at-amazon-ends-saturday-plus-10-20-bonus-savings-for-prime-members/,0.0
https://hellosubscription.com/2015/01/spiralized-quick-pickled-cucumber-salad-with-artisan-sriracha/,0.0
https://hellosubscription.com/2015/01/my-new-years-hair-resolutions-madison-reed-color-gloss-review-coupon-mrnewyou/,0.0
https://hellosubscription.com/2015/01/spiralized-red-cabbage-slaw-recipe/,0.0
https://hellosubscription.com/2015/01/new-pijonbox-coupon-25-off/,0.0
https://hellosubscription.com/2015/01/shoedazzle-review-75-off-coupon/,0.0
https://hellosubscription.com/2015/01/december-2014-kiwi-crate-review-coupon-frozen-fun/,0.0
https://hellosubscription.com/2015/01/january-2015-popsugar-must-have-box-review-half-off-coupon-musthavebox/,0.0
https://hellosubscription.com/2015/01/kiwi-crate-valentine-cards-limited-edition-crate-coupon/,0.0
https://hellosubscription.com/2015/01/january-2015-citrus-lane-review-free-bonus-box-coupon-3-5-year-old-girls/,0.0
https://hellosubscription.com/2015/01/julep-maven-box-review-january-2015-coupons-free-box-offers/,0.0
https://hellosubscription.com/2015/01/january-2015-loved-blessed-review/,0.0
https://hellosubscription.com/2015/01/new-popsugar-must-have-box-coupon/,0.0
https://hellosubscription.com/2015/01/happy-mommy-box-mini-review-january-2014/,1.0
https://hellosubscription.com/2015/01/thursday-thoughts-74/,0.0
https://hellosubscription.com/2015/01/julep-intro-boxes-free-this-week-only-coupons-for-current-mavens/,0.0
https://hellosubscription.com/2015/01/january-2015-wantable-accessories-jewelry-subscription-box-review-2/,0.0
https://hellosubscription.com/2015/01/popsugar-target-must-have-box-fit-fresh-fun-in-2015/,0.0
https://hellosubscription.com/2015/01/january-2015-birchbox-review-coupon-code/,0.0
https://hellosubscription.com/2015/01/cuisine-cube-gluten-free-subscription-box-review-holiday-2014/,0.0
https://hellosubscription.com/2015/01/new-glossybox-coupon-get-a-free-beauty-for-real-glowing-cheek-tint-luminizer/,0.0
https://hellosubscription.com/2015/01/oven-baked-sweet-potato-frizzles/,0.0
https://hellosubscription.com/2015/01/january-2015-fabkids-reviews-first-outfit-half-off-deal/,0.0
https://hellosubscription.com/2015/01/35-off-first-citrus-lane-valentines-bonus-box-free/,0.0
https://hellosubscription.com/2015/01/new-try-the-world-coupon-half-off-first-box/,0.0
https://hellosubscription.com/2015/01/gilt-city-deal-for-new-mens-subscription-trendy-butler-box-more-subscriptions/,0.0
https://hellosubscription.com/2015/01/new-candy-club-coupon-save-15/,0.0
https://hellosubscription.com/2015/01/globein-international-artisan-subscription-box-review-january-2015/,0.0
https://hellosubscription.com/2015/01/uniforms-awesome-basics-for-kids-super-sale-at-gap-save-an-extra-10/,0.0
https://hellosubscription.com/2015/01/popsugar-must-have-target-collaboration-box-spoilers/,0.0
https://hellosubscription.com/2015/01/december-2014-citrus-lane-review-free-bonus-box-coupon-almost-gone-2-5-year-boy/,0.0
https://hellosubscription.com/2015/01/birchbox-fresh-start-limited-edition-box-available-now-coupons/,0.0
https://hellosubscription.com/2015/01/full-size-bonus-in-january-vegan-cuts-snack-box-and-ellovi-bonus-in-beauty-box/,0.0
https://hellosubscription.com/2015/01/free-shipping-on-january-treatsie-box-coupon-ends-tuesday/,0.0
https://hellosubscription.com/2015/01/new-fresh-start-limited-edition-birchbox-tomorrow/,0.0
https://hellosubscription.com/2015/01/total-beauty-better-than-black-friday-warehouse-sale/,0.0
https://hellosubscription.com/2015/01/new-guest-barktender-at-bauble-bar/,0.0
https://hellosubscription.com/2015/01/gwynnie-bee-review-try-it-for-only-10-size-10-32-fashion-subscription/,0.0
https://hellosubscription.com/2015/01/julep-i-woke-up-like-this-mystery-box-available-free-polish-coupon/,0.0
https://hellosubscription.com/2015/01/plated-review-free-plates-coupon-platedpics/,0.0
https://hellosubscription.com/2015/01/manly-monday-mens-subscription-box-reviews-11/,0.0
https://hellosubscription.com/2015/01/half-off-citrus-lane-coupon-expires/,0.0
https://hellosubscription.com/2015/01/january-2015-beauteque-bb-bag-review/,0.0
https://hellosubscription.com/2015/01/petbrosia-review-free-box-coupon-dog-cat-food-subscription/,0.0
https://hellosubscription.com/2015/01/january-2015-birchbox-review-coupons-two-important-things-to-know-for-birchbox/,0.0
https://hellosubscription.com/2015/01/january-2015-hamptons-lane-healthy-eating-box-review-10-coupon/,0.0
https://hellosubscription.com/2015/01/glossybox-complete-january-2015-spoilers-100-free-gwp/,0.0
https://hellosubscription.com/2015/01/january-2015-fabletics-review-50-off-coupon/,0.0
https://hellosubscription.com/2015/01/bespoke-post-shop-coupon-free-football-koozie-a-peek-at-the-infuse-box/,0.0
https://hellosubscription.com/2015/01/january-2015-stitch-fix-review-stitchfix/,1.0
https://hellosubscription.com/2015/01/panier-box-review-french-food-subscription-box-january-2015/,0.0
https://hellosubscription.com/2015/01/diet-direct-review-wonderslim-cookies-bariwise-snacks/,0.0
https://hellosubscription.com/2015/01/january-2015-allure-sample-society-review-coupon/,0.0
https://hellosubscription.com/2015/01/my-pretend-place-subscription-box-review-coupon-dress-up-role-play/,0.0
https://hellosubscription.com/2015/01/koala-crate-review-coupon-november-2014-transportation-giveaway/,0.0
https://hellosubscription.com/2015/01/new-julep-free-box/,0.0
https://hellosubscription.com/2015/01/chococurb-review-january-2015-new-chocolate-subscription-box/,0.0
https://hellosubscription.com/2015/01/december-2014-citrus-lane-review-free-bonus-box-coupon-3-month-old-baby-boy/,0.0
https://hellosubscription.com/2015/01/honest-company-deodorant-review-new-sea-salt-sugar-scrub-coupon/,0.0
https://hellosubscription.com/2015/01/january-2015-wantable-accessories-jewelry-subscription-box-review/,0.0
https://hellosubscription.com/2015/01/new-glossybox-coupon-100-gwp-january-spoiler/,0.0
https://hellosubscription.com/2015/01/golden-tote-mystery-tote-all-sizes-available-january-tote-open/,0.0
https://hellosubscription.com/2015/01/julep-new-years-resolution-gwp-free-with-25-orders/,0.0
https://hellosubscription.com/2015/01/green-kid-crafts-subscription-box-review-coupon/,0.0
https://hellosubscription.com/2015/01/doodle-crate-review-color-block-candles-november-2014/,0.0
https://hellosubscription.com/2015/01/tinker-crate-review-motor-november-2014/,0.0
https://hellosubscription.com/2015/01/popsugar-must-have-target-collaboration-box/,0.0
https://hellosubscription.com/2015/01/december-2014-golden-tote-review-mystery-tote-sale/,0.0
https://hellosubscription.com/2015/01/new-julep-valentines-day-welcome-boxes-save-50-or-coupon-for-free-box/,0.0
https://hellosubscription.com/2015/01/january-2015-allure-sample-society-spoilers/,0.0
https://hellosubscription.com/2015/01/december-2014-swiggydiggydoo-review/,0.0
https://hellosubscription.com/2015/01/december-2014-lootcrate-review-promo-code-january-2015-spoilers/,0.0
https://hellosubscription.com/2015/01/december-2014-glossybox-review/,0.0
https://hellosubscription.com/2015/01/golden-tote-mystery-tote-reminder-january-tote-open/,0.0
https://hellosubscription.com/2015/01/20-off-first-citrus-lane-valentines-bonus-box-free-back-again/,0.0
https://hellosubscription.com/2015/01/january-2015-popsugar-must-have-box-spoilers/,0.0
https://hellosubscription.com/2015/01/january-2014-the-boodle-box-review-girls-subscription-box/,0.0
https://hellosubscription.com/2015/01/december-2014-nerd-block-jr-girls-review-coupon-nerdblock/,0.0
https://hellosubscription.com/2015/01/december-2014-citrus-lane-review-coupons-1-year-4-5-months-girl/,0.0
https://hellosubscription.com/2015/01/december-2014-spork-pack-review-coupon-food-kitchen-gadgets-box/,0.0
https://hellosubscription.com/2015/01/december-2014-swaagbox-review-time-of-the-month-subscription-first-box-5/,0.0
https://hellosubscription.com/2015/01/manly-monday-mens-subscription-box-reviews-10/,0.0
https://hellosubscription.com/2015/01/golden-tote-complete-january-2015-spoilers/,0.0
https://hellosubscription.com/2015/01/december-bluum-subscription-box-review-coupon-pre-k-boy/,0.0
https://hellosubscription.com/2015/01/january-2015-birchbox-man-review/,0.0
https://hellosubscription.com/2015/01/december-2014-socialbliss-style-box-review-thestylebox/,1.0
https://hellosubscription.com/2015/01/december-2014-petbox-subscription-review-coupon/,0.0
https://hellosubscription.com/2015/01/my-subscription-addiction-msa02-quarterly-subscription-box-review-december-2014-winter-box/,1.0
https://hellosubscription.com/2015/01/december-2014-gourmet-taste-trunk-subscription-box-review-coupon/,0.0
https://hellosubscription.com/2015/01/20-off-first-citrus-lane-valentines-bonus-box-free-ends-today/,0.0
https://hellosubscription.com/2015/01/december-2014-kloverbox-review-coupon-green-eco-friendly-subscription-box/,0.0
https://hellosubscription.com/2015/01/december-2014-ibbeautiful-teen-tween-subscription-box-review/,0.0
https://hellosubscription.com/2015/01/december-2014-french-box-review-10-coupon/,1.0
https://hellosubscription.com/2015/01/rocksbox-jewelry-subscription-box-review-free-month-january-2015/,0.0
https://hellosubscription.com/2015/01/december-2014-splendies-review-coupon/,0.0
https://hellosubscription.com/2015/01/december-2014-walmart-beauty-box-review/,0.0
https://hellosubscription.com/2015/01/plated-review-free-box-discount/,0.0
https://hellosubscription.com/2015/01/december-2014-stitch-fix-review/,0.0
https://hellosubscription.com/2015/01/citrus-lane-coupons-valentines-gift-with-subscription/,0.0
https://hellosubscription.com/2015/01/december-2014-allure-sample-society-review-coupon/,0.0
https://hellosubscription.com/2015/01/december-2014-kawaii-box-review/,0.0
https://hellosubscription.com/2015/01/december-2014-mission-cute-subscription-box-review-10-coupon/,0.0
https://hellosubscription.com/2015/01/december-little-lace-box-subscription-box-review-10-coupon/,0.0
https://hellosubscription.com/2015/01/december-2014-kidstir-review-10-coupon-kids-cooking-subscription-box/,0.0
https://hellosubscription.com/2015/01/try-the-world-january-box-venice-free-25-in-the-shop/,0.0
https://hellosubscription.com/2015/01/december-2014-birchbox-2-review-coupons/,0.0
https://hellosubscription.com/2015/01/december-2014-loved-blessed-review-faith-subscription-box/,0.0
https://hellosubscription.com/2015/01/diet-direct-review-wonderslim-desserts-bariwise-bars/,0.0
https://hellosubscription.com/2015/01/2014-glossybox-limited-edition-holiday-box-review/,0.0
https://hellosubscription.com/2015/01/loot-crate-3-box-deal-less-than-15-per-box-january-2015-spoilers/,0.0
https://hellosubscription.com/2015/01/bespoke-post-january-selection-coupon-unbuttoned/,0.0
https://hellosubscription.com/2015/01/december-2014-onyx-box-subscription-box-review/,0.0
https://hellosubscription.com/2015/01/kiyonna-clothing-semi-annual-cyber-sidewalk-sale/,0.0
https://hellosubscription.com/2015/01/january-2015-fabletics-half-off/,0.0
https://hellosubscription.com/2015/01/hamptons-lane-january-spoilers-healthy-eating-box-paderno-spiralizer/,0.0
https://hellosubscription.com/2015/01/happy-new-year/,0.0
https://hellosubscription.com/2015/02/march-2015-hamptons-lane-spoilers-the-pasta-box-10-coupon/,0.0
https://hellosubscription.com/2015/02/honest-feeding-bundle-review-organic-baby-formula-dha-trial-offer/,0.0
https://hellosubscription.com/2015/02/february-2015-gentlemans-box-review-mens-subscription-box-besavvy/,0.0
https://hellosubscription.com/2015/02/aloha-superfood-chocolate-bar-review-free-trial-vegan-subscription-myaloha/,0.0
https://hellosubscription.com/2015/02/february-2015-green-kid-crafts-subscription-box-review-coupon/,0.0
https://hellosubscription.com/2015/02/save-40-on-your-first-treatsie-box-expires-saturday-midnight/,0.0
https://hellosubscription.com/2015/02/julep-secret-store-open/,0.0
https://hellosubscription.com/2015/02/march-2015-new-beauty-test-tube-review-coupon-giveaway/,0.0
https://hellosubscription.com/2015/02/february-2015-little-lace-box-subscription-box-review/,0.0
https://hellosubscription.com/2015/02/march-2015-golden-tote-spoilers-improved-website/,0.0
https://hellosubscription.com/2015/02/julep-march-birthstone-welcome-box-free-for-new-subscribers/,0.0
https://hellosubscription.com/2015/02/doodle-crate-review-coupon-stamp-carving-printmaking-january-2015/,0.0
https://hellosubscription.com/2015/02/february-2015-petit-vour-vegan-beauty-subscription-box-review/,0.0
https://hellosubscription.com/2015/02/gwynnie-bee-review-10-trial-monthly-clothing-club-for-plus-sizes-gwynniebee/,0.0
https://hellosubscription.com/2015/02/bespoke-post-mens-subscription-box-review-coupon-honed-february-2015/,0.0
https://hellosubscription.com/2015/02/quarterly-boxes-update-new-shipping-charges/,0.0
https://hellosubscription.com/2015/02/plonk-wine-club-subscription-box-review-february-2015/,0.0
https://hellosubscription.com/2015/02/february-2015-little-lace-box-spoilers/,0.0
https://hellosubscription.com/2015/02/ruelala-subscription-box-deal-kiwi-crate/,0.0
https://hellosubscription.com/2015/02/junior-explorers-kids-subscription-review-50-off-coupon-code-intro-box/,0.0
https://hellosubscription.com/2015/02/rituals-cosmetics-gift-boxes-available-sakura-rituals-set-review/,0.0
https://hellosubscription.com/2015/02/surprise-my-pet-subscription-box-launch-coupon-5-off-for-48-hours/,0.0
https://hellosubscription.com/2015/02/plum-deluxe-tea-subscription-review-february-2015/,0.0
https://hellosubscription.com/2015/02/naked-wines-review-coupon/,0.0
https://hellosubscription.com/2015/02/february-2015-bespoke-post-mens-subscription-box-review-coupon-knotted/,0.0
https://hellosubscription.com/2015/02/march-2015-citrus-lane-customization-open-spoilers-coupon/,0.0
https://hellosubscription.com/2015/02/orange-glad-coupon-save-15/,0.0
https://hellosubscription.com/2015/02/popsugar-must-have-resort-box-2015-now-available-to-order/,0.0
https://hellosubscription.com/2015/02/changes-to-mommysplurge-hello-subscription/,0.0
https://hellosubscription.com/2015/02/february-2015-beauty-joy-subscription-box-review/,0.0
https://hellosubscription.com/2015/02/february-2015-adore-me-review-50-off-coupon-lingerie-subscription/,0.0
https://hellosubscription.com/2015/02/joes-brew-club-subscription-review-coupon-coffee-treats-box/,0.0
https://hellosubscription.com/2015/02/march-2015-1up-box-spoilers-gamer-subscription-box/,0.0
https://hellosubscription.com/2015/02/march-2015-globein-artisan-gift-box-spoiler-coupon/,0.0
https://hellosubscription.com/2015/02/february-2015-rocksbox-jewelry-subscription-box-review-free-box-coupon/,1.0
https://hellosubscription.com/2015/02/warby-parker-home-try-on-review/,0.0
https://hellosubscription.com/2015/02/20-off-annual-glossybox-subscription/,0.0
https://hellosubscription.com/2015/02/gwynnie-bee-review-coupon-plus-size-subscription-box-gwynniebee/,1.0
https://hellosubscription.com/2015/02/julep-lucky-you-intro-box-review-coupon-free-box-for-new-subscribers/,0.0
https://hellosubscription.com/2015/02/february-2015-citrus-lane-review-coupon-5-month-old-boy/,0.0
https://hellosubscription.com/2015/02/nerd-block-spoilers-coupon-march-2015/,0.0
https://hellosubscription.com/2015/02/march-2015-allure-sample-society-spoiler-coupon/,0.0
https://hellosubscription.com/2015/02/february-2015-loot-crate-review-coupon-code-lootcrate/,0.0
https://hellosubscription.com/2015/02/february-2015-vegan-cuts-beauty-box-review/,0.0
https://hellosubscription.com/2015/02/golden-tote-freebie-with-tote-purchase-updated-march-spoilers/,0.0
https://hellosubscription.com/2015/02/scentbird-review-coupon-monthly-perfume-subscription-february-2015/,0.0
https://hellosubscription.com/2015/02/ipsy-march-2015-spoilers/,0.0
https://hellosubscription.com/2015/02/little-lace-box-february-shipping-march-billing-coupon/,0.0
https://hellosubscription.com/2015/02/bulu-box-purchase-the-march-box-get-10-in-reward-points/,0.0
https://hellosubscription.com/2015/02/sephora-flash-subscriptions-available-10-for-free-2-day-shipping-for-a-year/,0.0
https://hellosubscription.com/2015/02/hello-fresh-subscription-box-review-and-coupon-feb-18-2015-hellofreshpics/,0.0
https://hellosubscription.com/2015/02/free-bride-primp-pack-with-birchbox-subscription/,0.0
https://hellosubscription.com/2015/02/march-2015-popsugar-must-have-box-spoiler-coupon/,0.0
https://hellosubscription.com/2015/02/february-2015-birchbox-review-coupon-for-10-in-points/,0.0
https://hellosubscription.com/2015/02/february-2015-mission-cute-subscription-box-review-coupon/,0.0
https://hellosubscription.com/2015/02/february-2015-pawpack-pet-subscription-box-review-coupon-dog/,0.0
https://hellosubscription.com/2015/02/memebox-changes-review-valentines-day-1-gifts-for-you/,0.0
https://hellosubscription.com/2015/02/february-2015-citrus-lane-review-coupon-4-year-old-boy/,0.0
https://hellosubscription.com/2015/02/february-2015-bluum-subscription-box-review-half-off-coupon-code/,0.0
https://hellosubscription.com/2015/02/february-2015-ipsy-glambag-review/,0.0
https://hellosubscription.com/2015/02/popsugar-2015-must-have-resort-box-coming-soon-get-march-box-now/,0.0
https://hellosubscription.com/2015/02/february-2015-french-box-review-product-advisory/,1.0
https://hellosubscription.com/2015/02/february-2015-kloverbox-review-coupon/,0.0
https://hellosubscription.com/2015/02/hint-water-subscription-review-coupon-save-half-on-first-order-hintwater/,0.0
https://hellosubscription.com/2015/02/february-2015-bestowed-subscription-box-review-coupon-giveaway/,0.0
https://hellosubscription.com/2015/02/february-2015-globein-artisan-subscription-box-review-promo-code/,0.0
https://hellosubscription.com/2015/02/march-2015-citrus-lane-spoilers-coupons/,0.0
https://hellosubscription.com/2015/02/formio-review-jewelry-accessories-rental-subscription-formiobox/,0.0
https://hellosubscription.com/2015/02/new-birchbox-coupons-save-20-on-35-10-off-50-more/,0.0
https://hellosubscription.com/2015/02/petbox-subscription-review-coupon-code-february-2015/,0.0
https://hellosubscription.com/2015/02/save-on-new-treatsie-chocolate-bar-mystery-boxes/,0.0
https://hellosubscription.com/2015/02/drift-away-coffee-subscription-review/,0.0
https://hellosubscription.com/2015/02/bramble-box-kids-subscription-box-flash-sale-50-off-or-free-box/,0.0
https://hellosubscription.com/2015/02/julep-maven-march-2015-selection-eye-makeup-eraser-mavens-st-paddys-add-on/,0.0
https://hellosubscription.com/2015/02/february-2015-glossybox-review-giveaway/,0.0
https://hellosubscription.com/2015/02/march-2015-new-beauty-test-tube-spoilers-coupon/,0.0
https://hellosubscription.com/2015/02/rocksbox-jewelry-subscription-box-review-free-box-code-new-shine-insider-rewards/,0.0
https://hellosubscription.com/2015/02/new-julep-st-patricks-day-box-get-it-free/,0.0
https://hellosubscription.com/2015/02/rawspicebar-review-giveaway-january-february-2015/,0.0
https://hellosubscription.com/2015/02/citrus-lane-coupon-30-off-free-dr-seuss-gift-or-skip-hop-lunchie-set/,0.0
https://hellosubscription.com/2015/02/honest-company-vouchers-on-zulily-through-saturday-save-up-to-50/,1.0
https://hellosubscription.com/2015/02/wine-awesomeness-subscription-box-review-february-2015-free-box-deal/,0.0
https://hellosubscription.com/2015/02/hello-fresh-subscription-box-review-and-coupon-feb-11-2015-hellofreshpics/,0.0
https://hellosubscription.com/2015/02/wantable-box-changes-30-off-coupon/,0.0
https://hellosubscription.com/2015/02/vegan-cuts-special-edition-vegan-yoga-box-coupon/,0.0
https://hellosubscription.com/2015/02/february-2015-splendies-review-coupon/,0.0
https://hellosubscription.com/2015/02/february-2015-austin-lloyd-review-premium-baby-toddler-subscription-box/,0.0
https://hellosubscription.com/2015/02/february-2015-poshpak-girls-teen-subscription-box-review/,0.0
https://hellosubscription.com/2015/02/popbasic-isla-collection-coupon-now-available/,0.0
https://hellosubscription.com/2015/02/honest-company-baby-feeding-line-organic-baby-formula-trial/,0.0
https://hellosubscription.com/2015/02/february-2015-tomboxes-review-monthly-period-subscription-first-box-8/,0.0
https://hellosubscription.com/2015/02/new-birchbox-coupon-subscribe-get-10-in-the-shop/,0.0
https://hellosubscription.com/2015/02/barkbox-review-february-2015/,0.0
https://hellosubscription.com/2015/02/february-2015-golden-tote-review/,1.0
https://hellosubscription.com/2015/02/up-to-one-year-of-bulu-box-free-with-shop-purchase/,0.0
https://hellosubscription.com/2015/02/february-2015-blue-bottle-coffee-origins-subscription-review-coupon/,0.0
https://hellosubscription.com/2015/02/so-bailey-review-girls-hair-accessories-subscription-box/,0.0
https://hellosubscription.com/2015/02/citrus-lane-coupon-30-off-free-dr-seuss-gift/,0.0
https://hellosubscription.com/2015/02/free-sparkly-clutch-polish-with-25-julep-order/,0.0
https://hellosubscription.com/2015/02/march-2015-golden-tote-spoilers/,0.0
https://hellosubscription.com/2015/02/say-it-with-a-sock-subscription-review/,1.0
https://hellosubscription.com/2015/02/le-parcel-period-box-review-coupon-celebratewomanhood/,0.0
https://hellosubscription.com/2015/02/julep-heartleigh-polish-giveaway-4-winners/,0.0
https://hellosubscription.com/2015/02/ts-everyday-delicious-pack-review/,0.0
https://hellosubscription.com/2015/02/honest-company-essentials-bundle-review-coupon/,0.0
https://hellosubscription.com/2015/02/gilt-city-20-off-coupon-today-only/,1.0
https://hellosubscription.com/2015/02/birchbox-winter-clearance-save-40-with-coupon/,0.0
https://hellosubscription.com/2015/02/fabfitfun-vip-spring-2015-box-spoiler-10-coupon/,0.0
https://hellosubscription.com/2015/02/last-day-to-order-february-globein-artisan-kitchen-box-25-off-coupon-code/,0.0
https://hellosubscription.com/2015/02/mouth-com-subscription-coupon-save-20-off-gourmet-boxes/,0.0
https://hellosubscription.com/2015/02/madison-reed-new-lower-prices-50-off-coupon-code-2/,0.0
https://hellosubscription.com/2015/02/plated-review-coupon-ruelala-deal-ending-soon-platedpics-february-11-2015/,0.0
https://hellosubscription.com/2015/02/february-2015-love-with-food-review-free-classic-box-or-save-half-on-gluten-free-box/,0.0
https://hellosubscription.com/2015/02/bon-appetit-subscription-box-review-coupon-amour-box/,0.0
https://hellosubscription.com/2015/02/doodlebug-busy-bags-kids-craft-subscription-review-february-2015/,0.0
https://hellosubscription.com/2015/02/february-2015-universal-yums-international-snack-subscription-box-review-italy/,0.0
https://hellosubscription.com/2015/02/february-2015-something-snacks-subscription-box-review/,0.0
https://hellosubscription.com/2015/02/fantasy-box-review-view-special-edition-25-off-coupon/,0.0
https://hellosubscription.com/2015/02/from-the-lab-february-2015-review-new-lower-prices/,0.0
https://hellosubscription.com/2015/02/february-2015-loot-crate-spoilers-round-2-coupons/,0.0
https://hellosubscription.com/2015/02/february-2015-allure-sample-society-beauty-box-review-coupon/,0.0
https://hellosubscription.com/2015/02/january-2015-french-box-review-10-coupon/,0.0
https://hellosubscription.com/2015/02/brit-kits-shop-25-off-coupon/,0.0
https://hellosubscription.com/2015/02/february-2015-popsugar-must-have-box-review-coupon-musthavebox/,0.0
https://hellosubscription.com/2015/02/olfactif-fragrance-subscription-box-review-february-2015/,0.0
https://hellosubscription.com/2015/02/save-10-on-new-beauty-test-tube-this-weekend-only/,0.0
https://hellosubscription.com/2015/02/january-2015-mission-cute-subscription-box-review-10-coupon-giveaway/,0.0
https://hellosubscription.com/2015/02/kiwi-crate-shop-code-save-20-free-shipping/,0.0
https://hellosubscription.com/2015/02/julep-presidents-day-sale/,0.0
https://hellosubscription.com/2015/02/avalai-time-of-the-month-period-box-review-coupon-february-2015/,0.0
https://hellosubscription.com/2015/02/candy-club-coupon-save-20-on-6-month-subscriptions/,0.0
https://hellosubscription.com/2015/02/phone-case-of-the-month-valentines-coupon-60-off/,0.0
https://hellosubscription.com/2015/02/koala-crate-review-10-coupon-january-2015-music-preschooler-subscription-box/,0.0
https://hellosubscription.com/2015/02/green-kid-crafts-30-off-your-first-box/,0.0
https://hellosubscription.com/2015/02/sunday-last-day-to-order-february-globein-artisan-kitchen-box-save-25/,0.0
https://hellosubscription.com/2015/02/citrus-lane-coupon-40-off-free-melissa-doug-block-set-2/,0.0
https://hellosubscription.com/2015/02/ge-inventors-toolbox-special-edition-quarterly-box-chance-to-win-a-makerbot-3d-printer/,0.0
https://hellosubscription.com/2015/02/love-giveaway-february-2015-popsugar-must-have-box/,0.0
https://hellosubscription.com/2015/02/loot-crate-coupons-bonus-keychain-with-subscription/,0.0
https://hellosubscription.com/2015/02/february-2015-stitch-fix-review-2-stitchfix/,0.0
https://hellosubscription.com/2015/02/february-2015-stitch-fix-review-1-stitchfix/,1.0
https://hellosubscription.com/2015/02/mantry-valentines-day-coupon-free-jerky-kit/,0.0
https://hellosubscription.com/2015/02/enclosed-luxury-panties-review-february-2015/,0.0
https://hellosubscription.com/2015/02/julep-maven-box-review-february-2015-free-box-coupons/,0.0
https://hellosubscription.com/2015/02/fabfitfun-vip-spring-box-available-10-coupon/,0.0
https://hellosubscription.com/2015/02/february-2015-fabkids-reviews-two-outfits-19-95/,0.0
https://hellosubscription.com/2015/02/plated-review-coupon-platedpics-order-now-for-valentines-delivery/,0.0
https://hellosubscription.com/2015/02/loot-crate-annual-subscriptions-now-available/,0.0
https://hellosubscription.com/2015/02/february-2015-loved-blessed-review/,0.0
https://hellosubscription.com/2015/02/february-2015-tippy-taste-review-jewelry-subscription-box/,0.0
https://hellosubscription.com/2015/02/march-2015-popsugar-must-have-box-spoilers/,0.0
https://hellosubscription.com/2015/02/free-julep-red-carpet-welcome-box/,0.0
https://hellosubscription.com/2015/02/kiwi-crate-coupon-half-off/,0.0
https://hellosubscription.com/2015/02/togospa-society-subscription-review-coupons-february-2015-togospasociety/,0.0
https://hellosubscription.com/2015/02/filtersnap-get-first-filter-free/,0.0
https://hellosubscription.com/2015/02/february-2015-womens-pijonbox-college-subscription-box-review-10-coupon-deliverlove/,0.0
https://hellosubscription.com/2015/02/february-2015-birchbox-rent-the-runway-review-coupon-order-rent-the-runway-outfits-by-212-rtrxbirchbox/,0.0
https://hellosubscription.com/2015/02/surprise-my-pet-launch-box-review-new-pet-subscription-box/,0.0
https://hellosubscription.com/2015/02/february-2015-petgiftbox-review-half-off-coupon-subscription-box-for-dogs-or-cats/,0.0
https://hellosubscription.com/2015/02/madison-reed-new-lower-prices-50-off-coupon-code/,0.0
https://hellosubscription.com/2015/02/save-30-on-wantable-makeup-accessories-or-intimates/,0.0
https://hellosubscription.com/2015/02/february-2015-fabletics-review-50-off-coupon-save-25/,0.0
https://hellosubscription.com/2015/02/julep-bare-face-cleansing-oil-giveaway-shop-coupons-free-february-birthstone-box/,0.0
https://hellosubscription.com/2015/02/february-2015-wantable-accessories-jewelry-subscription-box-review/,0.0
https://hellosubscription.com/2015/02/little-passports-coupon-10-off-everything/,0.0
https://hellosubscription.com/2015/02/plated-on-ruelala-3-meals-for-2-24-sweepstakes/,0.0
https://hellosubscription.com/2015/02/adore-me-free-express-shipping-for-valentines-day/,0.0
https://hellosubscription.com/2015/02/gilt-city-subscription-box-deals-barkbox-boxtera-unbound-box/,0.0
https://hellosubscription.com/2015/02/last-day-treatsie-valentines-day-deal-sweets-candy-subscription-box/,0.0
https://hellosubscription.com/2015/02/citrus-lane-48-hour-flash-sale-save-50-or-40-free-gift/,0.0
https://hellosubscription.com/2015/02/ruelala-subscription-box-deal-beauty-army-subscription/,0.0
https://hellosubscription.com/2015/02/the-boodle-box-review-teen-subscription-box-february-2015/,0.0
https://hellosubscription.com/2015/02/manly-monday-mens-subscription-box-reviews-14/,0.0
https://hellosubscription.com/2015/02/love-giveaways/,0.0
https://hellosubscription.com/2015/02/julep-cupids-mystery-clutch-review-coupons-still-available/,0.0
https://hellosubscription.com/2015/02/love-giveaway-silver-love-locket/,0.0
https://hellosubscription.com/2015/02/january-2015-the-pantry-gourmets-bite-box-food-subscription-box-review/,0.0
https://hellosubscription.com/2015/02/january-2015-munchpak-review-coupon/,0.0
https://hellosubscription.com/2015/02/january-2015-spork-pack-review/,0.0
https://hellosubscription.com/2015/02/february-2015-wantable-intimates-subscription-box-review/,0.0
https://hellosubscription.com/2015/02/angelinos-k-cup-coffee-subscription-review-trial-offer/,0.0
https://hellosubscription.com/2015/02/illume-sale-free-shipping-on-40-orders/,0.0
https://hellosubscription.com/2015/02/filtersnap-review-hvac-subscription-box/,1.0
https://hellosubscription.com/2015/02/february-2015-popsugar-must-have-box-spoilers-coupon/,0.0
https://hellosubscription.com/2015/02/two-new-julep-welcome-boxes-free-february-birthstone-box/,0.0
https://hellosubscription.com/2015/02/february-citrus-lane-sneak-peek-coupon-40-off-free-wooden-block-set/,0.0
https://hellosubscription.com/2015/02/february-2015-beauty-bar-sample-society-spoilers-complete/,0.0
https://hellosubscription.com/2015/02/hello-fresh-meal-subscription-box-review-and-coupon-january-28-2015/,0.0
https://hellosubscription.com/2015/02/bon-appetit-french-subscription-box-amour-box-coupon-now-available/,0.0
https://hellosubscription.com/2015/02/citrus-lane-coupon-40-off-free-melissa-doug-block-set/,0.0
https://hellosubscription.com/2015/02/love-giveaway-december-popsugar-must-have-box/,0.0
https://hellosubscription.com/2015/02/club-w-wine-subscription-save-50-on-your-first-box/,0.0
https://hellosubscription.com/2015/02/updated-with-new-coupons-julep-new-cupids-mystery-clutch-free-polishes/,0.0
https://hellosubscription.com/2015/02/doodlebug-busy-bags-march-theme-order-by-feb-18/,0.0
https://hellosubscription.com/2015/02/plated-review-free-plates-coupon-platedpics-12815-delivery/,0.0
https://hellosubscription.com/2015/02/gwynnie-bee-review-coupon-first-month-10-valentine-collection-gwynniebee/,0.0
https://hellosubscription.com/2015/02/love-giveaway-gold-love-locket-2/,0.0
https://hellosubscription.com/2015/02/kidstir-review-what-we-made/,0.0
https://hellosubscription.com/2015/02/with-love-from-angela-subscription-box-review-coupon-january-2015/,0.0
https://hellosubscription.com/2015/02/last-call-for-fantasy-box-valentines-day-boxes-coupon-adult-box/,0.0
https://hellosubscription.com/2015/02/treatsie-valentines-day-deal-sweets-candy-subscription-box/,0.0
https://hellosubscription.com/2015/02/julep-new-cupids-mystery-clutch-includes-2-glitter-top-coats/,0.0
https://hellosubscription.com/2015/02/love-giveaway-kawaii-box-open-worldwide/,0.0
https://hellosubscription.com/2015/02/le-tote-clothing-rental-subscription-first-month-14/,0.0
https://hellosubscription.com/2015/02/sock-fancy-valentines-day-coupon-save-15/,0.0
https://hellosubscription.com/2015/02/taste-trunk-valentines-day-trunk-save-30/,0.0
https://hellosubscription.com/2015/02/vegan-cuts-special-edition-chocolate-lovers-box/,0.0
https://hellosubscription.com/2015/02/february-citrus-lane-sneak-peek-coupon/,0.0
https://hellosubscription.com/2015/02/february-2015-globein-artisan-gift-box-spoilers-coupon/,0.0
https://hellosubscription.com/2015/02/new-glossybox-coupon-get-a-free-ardency-inn-modster-eyeliner/,0.0
https://hellosubscription.com/2015/02/love-giveaway-kiwi-crate-frozen-fun-10-coupon/,0.0
https://hellosubscription.com/2015/02/purple-carrot-vegetarian-meal-subscription-deal-save-35/,0.0
https://hellosubscription.com/2015/02/free-julep-valentines-day-box-order-by-25/,0.0
https://hellosubscription.com/2015/02/doodlebug-busy-bags-kids-craft-subscription-review/,0.0
https://hellosubscription.com/2015/02/home-chef-meal-subscription-deal-save-35/,0.0
https://hellosubscription.com/2015/02/fresh-patch-on-shark-tank-sharktank-freshpatch/,0.0
https://hellosubscription.com/2015/02/kiwi-crate-groundhog-day-coupon-save-50/,0.0
https://hellosubscription.com/2015/02/citrus-lane-coupon-30-off-free-mystery-box-monday-tuesday-only/,0.0
https://hellosubscription.com/2015/02/february-2015-golden-tote-reminder-tote-opens-at-noon-eastern/,0.0
https://hellosubscription.com/2015/02/february-2015-hamptons-lane-healthy-eating-box-review-10-coupon-50-shades-of-chicken/,0.0
https://hellosubscription.com/2015/02/new-beauty-test-tube-coupon-free-shipping-on-your-first-tube-save-8-95/,0.0
https://hellosubscription.com/2015/02/manly-monday-mens-subscription-box-reviews-13/,0.0
https://hellosubscription.com/2015/02/february-2015-allure-sample-society-spoilers/,0.0
https://hellosubscription.com/2015/02/glossybox-full-february-2015-spoilers-very-limited-box-design/,0.0
https://hellosubscription.com/2015/02/bespoke-post-february-2015-selections-coupon/,0.0
https://hellosubscription.com/2015/02/julep-secret-store-open-coupons-2/,0.0
https://hellosubscription.com/2015/02/february-2015-fabkids-collection-coupon-50-off-free-shipping-shoes-for-boys/,0.0
https://hellosubscription.com/2015/02/february-2015-boutiques-available-skip-reminders/,0.0
https://hellosubscription.com/2015/02/rocksbox-jewelry-subscription-box-review-ruelala-deal/,0.0
https://hellosubscription.com/2015/02/january-2015-fabletics-selection-half-off-coupon-sizing-changes/,0.0
https://hellosubscription.com/2015/02/february-2015-hamptons-lane-healthy-eating-box-available-now-10-coupon/,0.0
https://hellosubscription.com/2015/02/golden-tote-valentines-shop-reminder/,0.0
https://hellosubscription.com/2015/02/madison-reed-free-shipping-coupon-today-only-save-5/,0.0
https://hellosubscription.com/2015/03/march-2015-universal-yums-international-snack-subscription-box-review/,0.0
https://hellosubscription.com/2015/03/april-2015-birchbox-man-review/,0.0
https://hellosubscription.com/2015/03/march-2015-golden-tote-review-goldentote/,0.0
https://hellosubscription.com/2015/03/bulu-box-review-half-off-coupon-march-2015/,0.0
https://hellosubscription.com/2015/03/hello-fresh-review-and-coupon-march-18-2015-hellofreshpics/,0.0
https://hellosubscription.com/2015/03/ruelala-subscription-box-deals-glossybox/,0.0
https://hellosubscription.com/2015/03/new-julep-april-birthstone-or-beauty-lovers-welcome-box-free-for-new-subscribers/,0.0
https://hellosubscription.com/2015/03/introducing-brandys-baby-bump-bundle-a-hello-subscription-curated-box/,0.0
https://hellosubscription.com/2015/03/gwynnie-bee-review-free-month-last-day/,1.0
https://hellosubscription.com/2015/03/march-2015-beauty-joy-subscription-box-review-coupon/,0.0
https://hellosubscription.com/2015/03/april-2015-hamptons-lane-spoilers-taco-party-box-10-coupon/,0.0
https://hellosubscription.com/2015/03/madison-reed-50-off-first-box-of-permanent-hair-color-last-day/,0.0
https://hellosubscription.com/2015/03/darby-girl-coupon-free-box-with-6-box-subscription/,0.0
https://hellosubscription.com/2015/03/arcade-block-spoilers-coupon-april-2015/,0.0
https://hellosubscription.com/2015/03/sharing-small-kids-sock-subscription-review/,0.0
https://hellosubscription.com/2015/03/your-bijoux-box-april-spoiler-bonus-item-coupon/,0.0
https://hellosubscription.com/2015/03/plated-review-free-plates-coupon-platedpics-march-18/,0.0
https://hellosubscription.com/2015/03/bespoke-post-mens-subscription-box-review-coupon-worn-march-2015/,0.0
https://hellosubscription.com/2015/03/black-dahlia-lacquer-subscription-review-march-2015/,0.0
https://hellosubscription.com/2015/03/march-2015-scentbird-review-coupon-perfume-subscription/,0.0
https://hellosubscription.com/2015/03/junior-explorers-kids-subscription-review-mission-arctic-50-off-code/,0.0
https://hellosubscription.com/2015/03/julep-secret-store-open-free-polish-coupon/,0.0
https://hellosubscription.com/2015/03/pawpack-review-coupon-march-2015-subscription-box-for-dogs/,0.0
https://hellosubscription.com/2015/03/march-2015-vegan-cuts-beauty-box-review/,0.0
https://hellosubscription.com/2015/03/doodlebug-busy-bags-review-march-2015/,0.0
https://hellosubscription.com/2015/03/march-2015-1up-box-gamer-subscription-review-coupon/,0.0
https://hellosubscription.com/2015/03/popsugar-must-have-special-edition-resort-box-review-2015/,0.0
https://hellosubscription.com/2015/03/april-2015-1up-box-spoilers-gamer-subscription-box/,0.0
https://hellosubscription.com/2015/03/fabfitfun-box-review-spring-2015-10-coupon/,0.0
https://hellosubscription.com/2015/03/graze-snack-subscription-box-review-free-trial-box/,0.0
https://hellosubscription.com/2015/03/kiwi-crate-shop-coupon-free-shipping-on-25-orders/,0.0
https://hellosubscription.com/2015/03/pley-lego-subscription-box-review/,0.0
https://hellosubscription.com/2015/03/nina-garcia-quarterly-box-spoiler-ngq05-2/,0.0
https://hellosubscription.com/2015/03/march-2015-curlkit-review-subscription-box-for-naturally-curly-hair/,0.0
https://hellosubscription.com/2015/03/petit-vour-vegan-beauty-subscription-box-review-march-2015/,0.0
https://hellosubscription.com/2015/03/dazzley-box-review-march-2015-statement-necklace-jewelry-subscription-box/,0.0
https://hellosubscription.com/2015/03/citrus-lane-subscription-box-review-40-off-bonus-items-coupon-march-2015/,0.0
https://hellosubscription.com/2015/03/march-2015-little-lace-box-subscription-box-review/,0.0
https://hellosubscription.com/2015/03/march-2015-loot-crate-review-coupon-code-lootcrate/,0.0
https://hellosubscription.com/2015/03/march-2015-pawpack-cat-subscription-box-review-coupon/,0.0
https://hellosubscription.com/2015/03/gwynnie-bee-clothing-subscription-review-free-month-coupon-gwynniebee/,0.0
https://hellosubscription.com/2015/03/best-of-quarterly-sale-coupon-codes/,0.0
https://hellosubscription.com/2015/03/hello-fresh-review-and-coupon-march-11-2015-hellofreshpics/,0.0
https://hellosubscription.com/2015/03/five-four-club-half-off-or-bogo-coupons-mens-clothing-subscription/,0.0
https://hellosubscription.com/2015/03/honest-company-flash-sale-save-25-plus-up-to-50-off/,0.0
https://hellosubscription.com/2015/03/julep-lashes-for-days-duo-half-off-coupon/,0.0
https://hellosubscription.com/2015/03/nerd-block-jr-grab-block-is-here/,0.0
https://hellosubscription.com/2015/03/bramble-box-props-kids-subscription-box-review-50-off-coupon-march-2015/,0.0
https://hellosubscription.com/2015/03/phone-case-of-the-month-subscription-review-coupon-march-2015/,0.0
https://hellosubscription.com/2015/03/rocksbox-jewelry-subscription-review-free-month-coupon/,0.0
https://hellosubscription.com/2015/03/march-2015-global-delights-review-international-food-subscription-box/,0.0
https://hellosubscription.com/2015/03/sevenly-causebox-subscription-box-review-spring-2015-causebox02/,0.0
https://hellosubscription.com/2015/03/march-2015-mission-cute-subscription-box-review-coupon/,0.0
https://hellosubscription.com/2015/03/sock-fancy-coupon-save-15/,0.0
https://hellosubscription.com/2015/03/ruelala-subscription-box-deals-svbscription/,0.0
https://hellosubscription.com/2015/03/april-2015-birchbox-spoilers-coupon-sample-choice-curated-boxes-and-birchbox-plus/,0.0
https://hellosubscription.com/2015/03/new-vegan-cuts-mens-grooming-box/,0.0
https://hellosubscription.com/2015/03/julep-atmospheric-eyeshadow-duo-set-review-coupon/,0.0
https://hellosubscription.com/2015/03/starbucks-reserve-coffee-subscription-box-review-march-2015/,0.0
https://hellosubscription.com/2015/03/bombfell-review-coupon-mens-personal-styling-subscription-march-2015/,1.0
https://hellosubscription.com/2015/03/springsummer-2015-allure-beauty-box-details-now-allure-beauty-thrills/,0.0
https://hellosubscription.com/2015/03/popsugar-council-of-fashion-designers-of-america-cfda-limited-edition-box-coming-soon/,0.0
https://hellosubscription.com/2015/03/plated-review-free-plates-coupon-platedpics-march-11/,0.0
https://hellosubscription.com/2015/03/so-susan-lip-love-makeup-subscription-review-coupon-february-2015/,0.0
